City_ID,City,Lat,Lng,Max Temp,Humidity,Cloudiness,Wind Speed,Country,Date
0,port elizabeth,-33.918,25.5701,84.09,66,0,11.5,ZA,1706538451
1,taoudenni,22.6783,-3.9836,84.18,7,0,9.1,ML,1706538623
2,new norfolk,-42.7826,147.0587,51.3,95,15,2.95,AU,1706538623
3,arraial do cabo,-22.9661,-42.0278,82.36,74,75,6.91,BR,1706538623
4,margaret river,-33.95,115.0667,58.37,79,0,12.17,AU,1706538624
5,port alfred,-33.5906,26.891,86.27,63,62,22.15,ZA,1706538624
6,tromso,69.6496,18.957,37.42,56,75,48.34,NO,1706538624
7,feijo,-8.1642,-70.3536,80.06,79,97,3.91,BR,1706538624
8,san patricio,28.017,-97.5169,53.46,62,13,1.5,US,1706538624
9,invercargill,-46.4,168.35,55.02,88,88,1.01,NZ,1706538624
10,albany,42.6001,-73.9662,32.65,81,100,7.9,US,1706538428
11,colonia,50.9333,6.95,58.42,61,0,8.05,DE,1706538513
12,madinat ash shamal,26.1293,51.2009,67.21,58,100,10.63,QA,1706538609
13,punta arenas,-53.15,-70.9167,55.51,71,75,14.97,CL,1706538625
14,tura,25.5198,90.2201,57.49,57,0,3.06,IN,1706538625
15,mount pearl,47.5166,-52.7813,29.95,81,100,6.91,CA,1706538626
16,tofol,5.3248,163.0078,81.66,66,100,9.66,FM,1706538626
17,atafu village,-8.5421,-172.5159,83.3,74,98,4.0,TK,1706538626
18,ilulissat,69.2167,-51.1,-12.98,64,20,4.61,GL,1706538626
19,waitangi,-43.9535,-176.5597,61.83,97,84,1.99,NZ,1706538626
20,fuxin,42.0156,121.6589,11.98,62,0,3.24,CN,1706538626
21,ibarreta,-25.2144,-59.8585,94.12,25,82,3.04,AR,1706538627
22,iskateley,67.6803,53.1512,17.02,92,100,18.99,RU,1706538627
23,port-aux-francais,-49.35,70.2167,39.99,77,70,37.47,TF,1706538627
24,forest grove,45.5198,-123.1107,53.56,90,100,4.61,US,1706538627
25,papatowai,-46.5619,169.4708,54.59,87,90,5.48,NZ,1706538627
26,blackmans bay,-43.0167,147.3167,50.13,78,0,1.99,AU,1706538628
27,opuwo,-18.0607,13.84,89.69,25,77,4.97,NA,1706538628
28,charters towers,-20.1,146.2667,78.8,87,100,4.56,AU,1706538628
29,yellowknife,62.456,-114.3525,9.12,85,100,9.22,CA,1706538582
30,mahina,-17.5065,-149.489,80.37,78,75,2.3,PF,1706538537
31,kingston,17.997,-76.7936,85.15,68,20,3.44,JM,1706538503
32,udachny,66.4167,112.4,-6.56,83,99,2.68,RU,1706538516
33,camocim,-2.9022,-40.8411,91.4,55,88,14.88,BR,1706538629
34,kargasok,59.0556,80.8572,1.96,96,91,8.99,RU,1706538629
35,west island,-12.1568,96.8225,78.78,73,7,8.05,CC,1706538629
36,mar del plata,-38.0023,-57.5575,80.53,72,75,20.0,AR,1706538548
37,hermanus,-34.4187,19.2345,87.8,52,82,31.76,ZA,1706538617
38,kavieng,-2.5744,150.7967,81.91,80,100,11.65,PG,1706538630
39,rocha,-34.4833,-54.3333,82.11,43,74,10.74,UY,1706538630
40,ta`u,-14.2336,-169.5144,82.33,77,100,11.63,AS,1706538630
41,bilibino,68.0546,166.4372,-33.3,98,84,2.51,RU,1706538630
42,ushuaia,-54.8,-68.3,55.02,76,75,14.97,AR,1706538630
43,aykhal,66.0,111.5,-3.37,100,100,3.33,RU,1706538631
44,fort bragg,35.139,-79.006,47.91,58,0,11.01,US,1706538631
45,lebu,-37.6167,-73.65,64.56,59,78,11.52,CL,1706538631
46,pizarro,4.9533,-77.366,82.69,81,51,4.23,CO,1706538631
47,nemuro,43.3236,145.575,30.09,85,19,4.81,JP,1706538631
48,coquimbo,-29.9533,-71.3436,64.13,94,100,8.05,CL,1706538462
49,isafjordur,66.0755,-23.124,28.44,86,75,2.3,IS,1706538632
50,kodiak,57.79,-152.4072,13.51,73,75,16.11,US,1706538632
51,grytviken,-54.2811,-36.5092,46.6,48,39,10.56,GS,1706538632
52,utrik,11.2278,169.8474,78.85,69,46,12.48,MH,1706538632
53,bargaal,11.2864,51.0773,78.91,76,13,10.76,SO,1706538632
54,bologoye-4,11.2864,51.0773,78.91,76,13,10.76,SO,1706538632
55,gadzhiyevo,69.2551,33.3362,34.92,70,99,32.14,RU,1706538633
56,kapuskasing,49.4169,-82.4331,26.69,100,100,3.44,CA,1706538429
57,kill devil hills,36.0307,-75.676,48.2,81,100,14.97,US,1706538633
58,tiksi,71.6872,128.8694,-9.04,97,99,7.02,RU,1706538577
59,tazacorte,28.629,-17.9293,74.16,46,14,4.61,ES,1706538634
60,sitka,57.0531,-135.33,51.69,71,100,17.27,US,1706538634
61,fisterra,42.9049,-9.2629,62.74,86,100,13.06,ES,1706538634
62,namibe,-15.1961,12.1522,80.11,61,0,13.09,AO,1706538634
63,puerto aysen,-45.4,-72.7,62.06,70,39,4.25,CL,1706538635
64,zangguy,-45.4,-72.7,62.06,70,39,4.25,CL,1706538635
65,port mathurin,-19.6833,63.4167,82.36,81,99,19.17,MU,1706538635
66,kavaratti,10.5669,72.642,82.18,65,31,8.66,IN,1706538635
67,anuradhapura,8.3565,80.4173,75.51,82,80,6.91,LK,1706538636
68,bethel,41.3712,-73.414,37.02,79,100,11.5,US,1706538636
69,adamstown,-25.066,-130.1015,75.81,78,100,9.69,PN,1706538636
70,olonkinbyen,70.9221,-8.7187,22.55,68,100,19.13,SJ,1706538636
71,preveza,38.95,20.75,55.31,30,20,9.22,GR,1706538636
72,palikir - national government center,6.9248,158.1611,77.74,94,100,4.61,FM,1706538637
73,trincomalee,8.5711,81.2335,79.66,79,52,13.71,LK,1706538637
74,corvallis,44.5646,-123.262,51.89,97,100,0.0,US,1706538637
75,baiao,-2.7906,-49.6717,84.31,72,60,4.5,BR,1706538637
76,bikenibeu village,1.3673,173.1241,80.56,89,75,4.61,KI,1706538638
77,edinburgh of the seven seas,-37.0676,-12.3116,63.93,84,52,23.33,SH,1706538638
78,ahau,-37.0676,-12.3116,63.93,84,52,23.33,SH,1706538638
79,betio village,1.358,172.9211,80.64,75,100,9.8,KI,1706538638
80,stanley,54.868,-1.6985,42.39,95,75,8.05,GB,1706538638
81,saint-philippe,-21.3585,55.7679,80.19,86,54,11.41,RE,1706538639
82,puerto san carlos,-21.3585,55.7679,80.19,86,54,11.41,RE,1706538639
83,enewetak,11.3474,162.3373,78.24,64,30,9.15,MH,1706538639
84,beregovoy,55.173,73.2198,3.25,96,100,5.17,RU,1706538639
85,sosnovo-ozerskoye,52.5249,111.5418,-32.67,100,34,2.77,RU,1706538639
86,amahai,-3.3333,128.9167,80.31,82,87,4.38,ID,1706538639
87,aasiaat,68.7098,-52.8699,-24.38,98,100,5.75,GL,1706538640
88,tazovsky,67.4667,78.7,2.59,86,100,12.39,RU,1706538640
89,richards bay,-28.783,32.0377,83.95,62,9,15.99,ZA,1706538640
90,nova sintra,14.8667,-24.7167,71.74,59,29,17.78,CV,1706538640
91,cabo san lucas,22.8909,-109.9124,67.6,58,100,2.17,MX,1706538640
92,fale old settlement,-9.3852,-171.2468,83.68,74,100,3.85,TK,1706538641
93,wailua homesteads,22.0669,-159.378,72.39,89,100,13.8,US,1706538641
94,whitehorse,60.7161,-135.0538,39.97,81,100,19.57,CA,1706538641
95,puerto natales,-51.7236,-72.4875,63.05,51,75,14.97,CL,1706538641
96,iqaluit,63.7506,-68.5145,-29.31,60,75,2.3,CA,1706538641
97,ts'nori,41.6209,45.9694,38.41,72,87,2.04,GE,1706538642
98,happy valley-goose bay,53.3168,-60.3315,-12.69,48,0,11.5,CA,1706538642
99,chania,35.5122,24.0156,53.2,40,75,14.97,GR,1706538344
100,hithadhoo,-0.6,73.0833,82.44,72,48,9.26,MV,1706538642
101,nuuk,64.1835,-51.7216,0.21,55,20,19.57,GL,1706538408
102,tsiombe,-25.3,45.4833,76.69,74,41,15.75,MG,1706538642
103,lityn,49.3251,28.0809,28.45,82,93,1.14,UA,1706538643
104,jamestown,42.097,-79.2353,33.39,98,100,8.05,US,1706538422
105,guangming,45.3333,122.7833,3.16,66,45,4.88,CN,1706538643
106,broken hill,-31.95,141.4333,81.5,29,0,16.33,AU,1706538643
107,lijiang,26.8688,100.2207,34.18,64,13,4.59,CN,1706538643
108,sitampiky,26.8688,100.2207,34.18,64,13,4.59,CN,1706538643
109,hilo,19.7297,-155.09,75.27,77,0,5.75,US,1706538644
110,pangai,-19.8,-174.35,80.98,74,100,11.56,TO,1706538644
111,afaahiti,-17.75,-149.2833,78.67,78,100,3.36,PF,1706538644
112,jinxiang,27.4327,120.6062,49.17,90,100,8.75,CN,1706538644
113,ust-nera,64.5667,143.2,-39.75,98,73,4.38,RU,1706538644
114,qina,26.1642,32.7267,65.73,29,0,13.69,EG,1706538644
115,puerto ayora,-0.7393,-90.3518,82.36,82,100,11.41,EC,1706538645
116,mangrol,21.1167,70.1167,71.82,77,43,11.97,IN,1706538645
117,longyearbyen,78.2186,15.6401,26.44,80,75,24.16,SJ,1706538645
118,pasuquin,18.3328,120.6177,71.55,88,20,2.3,PH,1706538645
119,constantia,44.1833,28.65,36.7,70,99,19.1,RO,1706538645
120,georgetown,5.4112,100.3354,85.95,75,20,5.75,MY,1706538645
121,dudinka,69.4058,86.1778,4.68,83,100,18.01,RU,1706538646
122,quchan,37.106,58.5095,34.45,66,50,7.63,IR,1706538646
123,klyuchi,52.2667,79.1667,-2.04,98,22,6.62,RU,1706538646
124,kruisfontein,-34.0033,24.7314,81.88,44,100,9.69,ZA,1706538646
125,rongelap,11.1635,166.8941,78.91,77,100,12.44,MH,1706538647
126,aberdeen,57.1437,-2.0981,41.49,78,100,3.44,GB,1706538639
127,afif,23.9065,42.9172,70.0,33,100,9.08,SA,1706538647
128,qaqortoq,60.7167,-46.0333,-5.67,72,79,3.22,GL,1706538647
129,ladismith,60.7167,-46.0333,-5.67,72,79,3.22,GL,1706538647
130,berezovyy,51.6667,135.7,1.35,99,100,1.97,RU,1706538648
131,anadyr,64.75,177.4833,-32.01,73,40,11.18,RU,1706538648
132,margate,51.3813,1.3862,49.87,92,93,8.99,GB,1706538648
133,avarua,-21.2078,-159.775,80.65,89,75,4.61,CK,1706538628
134,macau,22.2006,113.5461,60.6,88,40,6.91,MO,1706538390
135,hadibu,12.65,54.0333,77.16,65,34,8.7,YE,1706538648
136,haiku-pauwela,20.9219,-156.3051,75.04,79,75,21.85,US,1706538649
137,hawaiian paradise park,19.5933,-154.9731,72.03,93,0,5.75,US,1706538649
138,macusani,-14.0833,-70.4333,49.1,63,89,1.25,PE,1706538649
139,horodnye,45.8908,28.8483,34.97,66,100,10.51,UA,1706538649
140,bredasdorp,-34.5322,20.0403,90.84,17,9,17.87,ZA,1706538649
141,port lincoln,-34.7333,135.8667,64.38,89,3,10.45,AU,1706538650
142,saipan,15.1355,145.701,75.9,73,40,11.5,MP,1706538650
143,amalapuram,16.5833,82.0167,67.53,82,68,4.03,IN,1706538650
144,luderitz,-26.6481,15.1594,72.54,60,45,6.71,NA,1706538650
145,lihue,21.9789,-159.3672,72.99,89,100,13.8,US,1706538651
146,merowe,18.4833,31.8167,75.02,13,90,13.73,SD,1706538651
147,college,64.8569,-147.8028,-25.28,62,100,4.61,US,1706538651
148,greymouth,-42.4667,171.2,54.55,77,0,5.03,NZ,1706538651
149,sao joao da barra,-21.6403,-41.0511,84.29,76,55,4.5,BR,1706538652
150,fort mcmurray,56.7268,-111.381,31.59,93,40,6.91,CA,1706538652
151,santa marinella,42.0345,11.8536,58.55,42,0,1.34,IT,1706538542
152,taiohae,42.0345,11.8536,58.55,42,0,1.34,IT,1706538542
153,mana,5.6592,-53.7767,82.42,74,46,9.8,GF,1706538652
154,badger,64.8,-147.5333,-25.35,62,100,4.61,US,1706538652
155,beloyarskiy,63.7119,66.6722,-4.0,100,87,4.0,RU,1706538652
156,praia da vitoria,38.7333,-27.0667,60.76,100,75,20.56,PT,1706538653
157,ekenas,59.9736,23.4339,38.28,90,61,11.36,FI,1706538653
158,pochaiv,50.0051,25.5118,25.32,94,11,5.35,UA,1706538653
159,dunedin,-45.8742,170.5036,58.8,89,37,8.01,NZ,1706538653
160,manay,7.215,126.5397,75.81,95,100,10.76,PH,1706538654
161,keflavik,64.0049,-22.5624,37.31,100,75,26.46,IS,1706538654
162,howrah,22.5892,88.3103,68.0,64,40,3.44,IN,1706538654
163,villa bruzual,9.3328,-69.1208,89.19,37,14,4.03,VE,1706538654
164,phumi veal sre,10.9808,104.7783,77.49,61,69,10.36,KH,1706538654
165,karakocan,38.9558,40.0386,31.46,87,96,4.88,TR,1706538654
166,neelankarai,12.9455,80.2575,78.85,69,40,8.05,IN,1706538655
167,kidal,18.4411,1.4078,82.45,9,55,12.35,ML,1706538655
168,pisco,-13.7,-76.2167,80.02,73,0,6.91,PE,1706538655
169,brookings,44.3114,-96.7984,31.12,93,0,0.0,US,1706538356
170,tolanaro,-25.0319,46.9987,78.87,73,75,18.41,MG,1706538655
171,palembang,-2.9167,104.7458,80.69,89,20,6.91,ID,1706538655
172,nanao,37.05,136.9667,34.27,77,6,0.36,JP,1706538656
173,kozhukhovo,55.7067,37.6719,25.5,93,100,11.54,RU,1706538656
174,susuman,62.7833,148.1667,-41.03,99,99,1.01,RU,1706538656
175,taltal,-25.4,-70.4833,71.49,73,15,4.32,CL,1706538656
176,aldinga beach,-35.2793,138.4604,67.42,89,20,9.73,AU,1706538656
177,cova figueira,14.8905,-24.2934,73.33,50,43,16.69,CV,1706538656
178,east london,-33.0153,27.9116,85.14,65,0,12.66,ZA,1706538657
179,ouesso,1.6136,16.0517,103.1,15,62,2.01,CG,1706538657
180,ponta delgada,37.7333,-25.6667,65.19,82,75,28.77,PT,1706538657
181,kristiansund,63.1115,7.732,45.25,57,40,19.57,NO,1706538632
182,corner brook,48.9667,-57.9484,10.56,89,100,7.38,CA,1706538657
183,piterka,50.6803,47.4454,8.94,98,29,4.29,RU,1706538657
184,constitucion,-35.3333,-72.4167,70.52,53,1,6.15,CL,1706538658
185,matiri,-10.75,34.9,71.24,84,100,1.45,TZ,1706538658
186,yarmouth,41.7057,-70.2286,36.0,93,100,32.99,US,1706538658
187,ugleural'skiy,58.9534,57.5846,8.83,98,98,3.49,RU,1706538658
188,bojnurd,37.4747,57.329,37.35,65,75,6.91,IR,1706538541
189,kaoma,-14.7833,24.8,86.54,39,57,8.46,ZM,1706538658
190,loango,-4.6719,11.8312,82.24,79,98,9.37,CG,1706538659
191,galliano,29.4422,-90.2992,46.99,74,0,9.98,US,1706538659
192,kukes,42.0769,20.4219,38.32,72,56,7.96,AL,1706538659
193,devinuwara,42.0769,20.4219,38.32,72,56,7.96,AL,1706538659
194,natal,-5.795,-35.2094,88.45,66,75,14.97,BR,1706538615
195,hammerfest,70.6634,23.6821,34.25,93,75,34.52,NO,1706538659
196,pangody,65.85,74.4859,-2.18,95,75,8.52,RU,1706538660
197,petropavlovsk-kamchatsky,53.0452,158.6483,4.46,93,0,8.95,RU,1706538641
198,la palma,33.8464,-118.0467,68.5,66,0,3.44,US,1706538513
199,moapa valley,36.5805,-114.4703,56.55,51,80,3.42,US,1706538660
200,ribeira grande,38.5167,-28.7,64.8,88,75,23.02,PT,1706538660
201,ostersund,63.1792,14.6357,38.61,60,20,27.63,SE,1706538660
202,cumaribo,63.1792,14.6357,38.61,60,20,27.63,SE,1706538660
203,fedorovka,53.6314,62.7078,-1.98,99,50,5.06,KZ,1706538661
204,nar'yan-mar,67.6713,53.087,17.11,92,100,18.99,RU,1706538661
205,severo-yeniseyskiy,60.3725,93.0408,-21.42,98,36,4.0,RU,1706538661
206,barah,13.7,30.3667,80.47,12,59,11.03,SD,1706538661
207,kitimat,54.0524,-128.6534,48.58,31,100,3.0,CA,1706538512
208,laguna,38.421,-121.4238,53.64,95,0,4.61,US,1706538662
209,gebeit,21.0667,36.3167,69.82,20,99,9.08,SD,1706538662
210,mirny,62.5353,113.9611,-37.14,100,45,3.29,RU,1706538662
211,astrakhan,46.3497,48.0408,22.91,67,0,7.0,RU,1706538662
212,palmer,42.1584,-72.3287,35.15,83,100,10.36,US,1706538662
213,kirensk,57.7853,108.1119,-31.04,100,65,1.01,RU,1706538663
214,la ferte-sous-jouarre,48.9514,3.1272,57.97,78,100,7.23,FR,1706538663
215,wynyard,-41.0,145.7167,51.98,80,27,7.96,AU,1706538663
216,alice springs,-23.7,133.8833,88.21,13,61,3.0,AU,1706538663
217,sao vicente,-23.9631,-46.3919,90.27,41,0,4.61,BR,1706538663
218,punta del este,-34.9667,-54.95,78.91,78,40,9.22,UY,1706538664
219,kangding,30.0513,101.9603,32.88,57,73,5.77,CN,1706538664
220,mossel bay,-34.1831,22.146,82.33,71,77,12.64,ZA,1706538664
221,sao paulo de olivenca,-3.3783,-68.8725,88.36,57,62,3.56,BR,1706538664
222,berezovo,63.9381,65.0419,-6.61,100,67,4.68,RU,1706538664
223,kayes,14.0,-11.0,93.04,7,16,6.55,ML,1706538664
224,cidreira,-30.1811,-50.2056,76.55,75,42,5.12,BR,1706538664
225,ancud,-41.8697,-73.8203,61.41,53,34,5.21,CL,1706538665
226,alesund,62.4723,6.1549,45.34,71,40,19.57,NO,1706538665
227,rio gallegos,-51.6226,-69.2181,69.85,30,20,10.36,AR,1706538665
228,yangambi,0.8102,24.4336,94.96,24,94,5.14,CD,1706538665
229,mount gambier,-37.8333,140.7667,54.12,93,4,5.82,AU,1706538665
230,humaita,-7.5061,-63.0208,88.86,59,72,3.91,BR,1706538666
231,porto novo,6.4965,2.6036,91.22,32,11,10.67,BJ,1706538666
232,kirklareli,41.7351,27.2252,34.72,74,92,16.8,TR,1706538377
233,sonsorol village,41.7351,27.2252,34.72,74,92,16.8,TR,1706538377
234,da nang,16.0678,108.2208,67.98,88,20,6.91,VN,1706538666
235,marquette,46.5333,-87.6335,29.77,90,89,4.45,US,1706538408
236,kwakoa,-3.7667,37.7167,80.02,61,99,4.09,TZ,1706538666
237,berbera,10.4396,45.0143,80.06,79,26,9.08,SO,1706538667
238,vingt cinq,10.4396,45.0143,80.06,79,26,9.08,SO,1706538667
239,saint-pierre,-21.3393,55.4781,80.28,89,75,11.5,RE,1706538612
240,konokovo,44.8616,41.3266,27.37,89,100,9.4,RU,1706538667
241,inirida,3.8653,-67.9239,89.92,51,86,1.21,CO,1706538667
242,pacora,9.0833,-79.2833,85.98,58,20,11.5,PA,1706538667
243,kenai,60.5544,-151.2583,5.14,90,100,0.0,US,1706538668
244,dzuunharaa,48.8523,106.4579,-15.12,100,97,2.1,MN,1706538668
245,sheringham,52.9408,1.2093,55.11,87,98,12.46,GB,1706538668
246,remire-montjoly,4.9167,-52.2667,78.84,94,75,3.44,GF,1706538668
247,tranovaho,4.9167,-52.2667,78.84,94,75,3.44,GF,1706538668
248,sinabang,2.4803,96.3801,80.73,80,48,4.0,ID,1706538648
249,luebo,-5.35,21.4167,84.47,62,91,2.89,CD,1706538669
250,kankan,10.3854,-9.3057,95.79,10,71,3.29,GN,1706538669
251,bossangoa,6.4926,17.4552,97.74,11,2,4.21,CF,1706538669
252,talnakh,69.4865,88.3972,4.21,89,100,8.01,RU,1706538669
253,crane,31.3974,-102.3501,48.69,54,9,7.9,US,1706538669
254,nioki,-2.7167,17.6833,87.64,51,95,3.53,CD,1706538669
255,salinopolis,-0.6136,-47.3561,81.55,84,37,9.64,BR,1706538670
256,metlili chaamba,32.2667,3.6333,63.54,52,0,6.91,DZ,1706538670
257,hami,42.8,93.45,20.01,63,21,5.68,CN,1706538670
258,valjevo,44.2751,19.8982,39.79,65,85,3.83,RS,1706538670
259,aioun,16.6614,-9.6149,86.81,8,11,11.56,MR,1706538670
260,inhambane,-23.865,35.3833,82.15,61,2,12.41,MZ,1706538671
261,vorgashor,67.5833,63.95,3.22,96,90,9.44,RU,1706538671
262,egilsstadir,65.2653,-14.3948,33.71,55,75,10.36,IS,1706538671
263,mahabe,65.2653,-14.3948,33.71,55,75,10.36,IS,1706538671
264,apartado,7.883,-76.6259,84.06,79,40,11.5,CO,1706538671
265,kirakira,-10.4544,161.9205,78.49,92,99,10.25,SB,1706538671
266,vadso,70.0744,29.7487,39.36,60,20,36.82,NO,1706538672
267,devonport,-41.1667,146.35,57.52,67,44,1.01,AU,1706538672
268,palmas,-10.2128,-48.3603,80.47,78,75,6.91,BR,1706538672
269,formosa do rio preto,-11.0483,-45.1931,75.61,86,100,2.26,BR,1706538672
270,thompson,55.7435,-97.8558,19.56,100,100,5.75,CA,1706538672
271,mount isa,-20.7333,139.5,80.37,74,100,1.14,AU,1706538672
272,touros,-5.1989,-35.4608,87.94,60,62,15.1,BR,1706538573
273,tralee,52.2704,-9.7026,46.65,66,20,8.05,IE,1706538673
274,carnarvon,-24.8667,113.6333,73.45,82,0,22.93,AU,1706538673
275,buka,40.8108,69.1986,41.83,87,100,7.81,UZ,1706538673
276,siracusa,37.0881,15.2792,58.59,61,99,4.63,IT,1706538434
277,bandarbeyla,9.4942,50.8122,78.8,79,92,13.35,SO,1706538673
278,oeiras do para,-2.0031,-49.8544,87.71,60,72,6.11,BR,1706538673
279,smithers,54.7804,-127.1743,43.12,81,100,10.36,CA,1706538674
280,yaren,-0.5472,166.916,84.31,68,73,18.34,NR,1706538674
281,ola,59.5833,151.2833,-9.78,84,13,6.82,RU,1706538674
282,pemangkat,1.1667,108.9667,77.88,88,90,10.07,ID,1706538674
283,newman,37.3138,-121.0208,48.29,76,2,2.59,US,1706538674
284,banda aceh,5.5577,95.3222,79.9,82,33,6.17,ID,1706538385
285,igarka,67.4667,86.5833,-1.01,80,100,11.23,RU,1706538675
286,alta sierra,35.7291,-118.5495,42.78,53,62,5.73,US,1706538675
287,turiacu,-1.6633,-45.3717,90.25,49,35,9.01,BR,1706538675
288,la passe,45.5549,-0.8967,61.03,78,100,13.65,FR,1706538675
289,selfoss,63.9331,-20.9971,37.04,96,100,26.4,IS,1706538675
290,kiunga,-6.1219,141.2906,74.75,99,100,2.86,PG,1706538675
291,bardai,11.65,7.2333,86.67,10,3,12.48,NG,1706538675
292,rio grande,-32.035,-52.0986,80.71,70,63,10.6,BR,1706538676
293,tiassale,5.8983,-4.8283,103.08,17,60,1.48,CI,1706538676
294,alotau,5.8983,-4.8283,103.08,17,60,1.48,CI,1706538676
295,minas de marcona,-15.2119,-75.1103,73.53,61,97,10.31,PE,1706538676
296,lichinga,-13.3128,35.2406,72.66,74,7,4.9,MZ,1706538676
297,jinshi,29.6049,111.8701,41.04,91,64,6.04,CN,1706538676
298,luancheng,37.8792,114.6517,28.56,60,16,6.02,CN,1706538677
299,naryn,41.4287,75.9911,21.49,92,100,1.52,KG,1706538677
300,borba,-4.3878,-59.5939,76.32,90,100,2.28,BR,1706538677
301,talisayan,6.9872,121.9272,78.17,82,100,5.75,PH,1706538677
302,itoman,26.1247,127.6694,66.97,60,40,6.91,JP,1706538677
303,arbelaez,4.2725,-74.4151,76.57,67,36,5.08,CO,1706538677
304,harstad,68.799,16.5293,40.39,77,100,48.0,NO,1706538678
305,sumbawa besar,-8.5,117.4333,76.5,93,100,2.21,ID,1706538678
306,suomussalmi,64.8869,28.9078,35.17,80,89,16.89,FI,1706538678
307,puquio,-14.7,-74.1333,62.17,60,98,3.56,PE,1706538678
308,ninh binh,20.2539,105.975,59.67,80,99,1.45,VN,1706538678
309,kyzyl-suu,42.3414,78.0056,29.89,94,100,3.11,KG,1706538678
310,green river,41.5286,-109.4662,32.4,8,100,1.59,US,1706538679
311,klaksvik,62.2266,-6.589,47.32,80,22,30.98,FO,1706538679
312,crateus,-5.1783,-40.6775,97.32,26,91,9.31,BR,1706538679
313,nizhneudinsk,54.9076,99.0276,-18.26,99,19,2.98,RU,1706538679
314,vilyuchinsk,52.9306,158.4028,5.94,88,83,7.56,RU,1706538680
315,serang,-6.1149,106.1502,79.45,85,98,4.07,ID,1706538681
316,dhidhdhoo,6.8833,73.1,81.73,67,6,9.8,MV,1706538681
317,san juan de los morros,9.9115,-67.3538,86.97,31,4,6.87,VE,1706538681
318,mutoko,-17.397,32.2268,76.42,56,65,5.79,ZW,1706538681
319,lompoc,34.6391,-120.4579,59.58,87,0,11.5,US,1706538681
320,griffith,41.5284,-87.4237,32.11,93,100,8.05,US,1706538681
321,akureyri,65.6835,-18.0878,28.33,93,75,0.0,IS,1706538682
322,bedesa,8.9,40.7833,72.95,52,60,4.05,ET,1706538682
323,paracuru,-3.41,-39.0306,86.11,56,81,15.19,BR,1706538682
324,plettenberg bay,-34.0527,23.3716,73.9,66,100,2.95,ZA,1706538682
325,phongsali,21.6833,102.1058,48.67,99,15,0.87,LA,1706538682
326,cargados carajos,21.6833,102.1058,48.67,99,15,0.87,LA,1706538682
327,turkmenabat,39.0733,63.5786,40.98,87,0,2.3,TM,1706538683
328,uturoa,-16.7333,-151.4333,82.69,77,86,3.8,PF,1706538683
329,vernon,50.2581,-119.2691,42.3,93,100,2.3,CA,1706538607
330,cartagena,10.3997,-75.5144,80.22,78,20,3.44,CO,1706538683
331,yangor,10.3997,-75.5144,80.22,78,20,3.44,CO,1706538683
332,guerrero negro,27.9769,-114.0611,61.52,56,37,2.13,MX,1706538683
333,yeppoon,-23.1333,150.7333,83.98,92,100,4.9,AU,1706538683
334,odienne,9.51,-7.5692,97.02,9,25,4.14,CI,1706538684
335,nelson bay,-32.7167,152.15,77.09,93,5,13.0,AU,1706538684
336,huarmey,-10.0681,-78.1522,77.38,78,98,7.36,PE,1706538684
337,sheopur,25.6667,76.7,66.6,33,100,3.44,IN,1706538684
338,ravar,31.2656,56.8055,49.69,31,100,3.11,IR,1706538684
339,hamilton,39.1834,-84.5333,34.77,90,100,6.91,US,1706538685
340,santa ana de yacuma,-13.75,-65.4333,85.95,74,75,11.5,BO,1706538685
341,flying fish cove,-10.4217,105.6791,78.48,94,75,5.75,CX,1706538685
342,moranbah,-22.0016,148.0466,79.57,84,98,15.82,AU,1706538685
343,sant lluis,39.8526,4.2594,61.2,72,40,11.5,ES,1706538685
344,madras,13.0878,80.2785,78.78,69,40,8.05,IN,1706538685
345,al ghayzah,16.2079,52.176,77.31,77,100,9.33,YE,1706538686
346,sinop,41.7711,34.8709,32.9,96,99,4.38,TR,1706538491
347,corsicana,32.0954,-96.4689,48.16,81,0,3.44,US,1706538686
348,vorkuta,67.5,64.0,3.0,95,88,8.63,RU,1706538615
349,baardheere,2.3446,42.2764,99.16,21,100,16.42,SO,1706538686
350,walvis bay,-22.9575,14.5053,68.09,61,90,23.6,NA,1706538686
351,ridgecrest,35.6225,-117.6709,39.06,93,0,0.0,US,1706538686
352,macapa,0.0389,-51.0664,85.98,70,40,8.05,BR,1706538687
353,castillos,-34.1667,-53.8333,77.52,55,59,9.6,UY,1706538687
354,lamar,33.6668,-95.5836,41.65,98,0,5.75,US,1706538687
355,hasaki,35.7333,140.8333,30.6,47,5,2.75,JP,1706538687
356,chissamba,-12.1667,17.3333,69.91,85,99,1.5,AO,1706538687
357,grand falls-windsor,48.9332,-55.6649,16.5,84,100,5.01,CA,1706538687
358,morehead city,34.7229,-76.726,50.02,70,75,14.97,US,1706538688
359,fenoarivo be,-18.4333,46.5667,71.49,88,69,2.55,MG,1706538688
360,kone,-21.0595,164.8658,75.02,84,97,1.92,NC,1706538688
361,dzierzgon,53.922,19.3471,41.77,70,100,12.68,PL,1706538688
362,seeb,23.6703,58.1891,77.09,69,0,6.91,OM,1706538688
363,saudarkrokur,65.7461,-19.6394,29.91,87,100,11.03,IS,1706538688
364,heihe,50.2441,127.4902,-10.62,96,65,4.14,CN,1706538689
365,baikonur,45.6167,63.3167,23.27,86,100,10.09,KZ,1706538689
366,ljusdal,61.8288,16.0913,28.18,97,92,3.67,SE,1706538689
367,al kharijah,25.4514,30.5464,65.68,34,0,10.42,EG,1706538689
368,cameron,26.117,-97.5169,46.36,84,0,6.91,US,1706538689
369,martapura,-3.4167,114.85,82.49,83,20,2.3,ID,1706538690
370,st. john's,47.5649,-52.7093,30.78,81,100,6.91,CA,1706538690
371,al jawf,29.5,38.75,57.43,37,1,6.62,SA,1706538690
372,argostolion,38.1811,20.489,55.47,60,20,5.75,GR,1706538690
373,ongjin,37.9347,125.3619,31.8,79,58,1.77,KP,1706538690
374,chibougamau,49.9168,-74.3659,-0.78,85,0,3.44,CA,1706538690
375,tokar,18.4254,37.729,75.2,55,89,13.06,SD,1706538691
376,santa luzia,-19.7697,-43.8514,78.08,73,75,6.91,BR,1706538466
377,buta,2.7858,24.73,97.2,22,97,1.23,CD,1706538691
378,miandrivazo,-19.5167,45.4667,83.95,72,20,7.09,MG,1706538691
379,alofi,-19.0595,-169.9187,78.69,89,100,1.14,NU,1706538691
380,port saint john's,-31.6229,29.5448,85.41,71,12,20.74,ZA,1706538691
381,callao,-12.0667,-77.15,77.29,78,0,6.91,PE,1706538692
382,la'ie,21.6477,-157.9253,78.76,88,12,15.01,US,1706538692
383,chonchi,-42.6128,-73.8092,61.81,41,2,2.84,CL,1706538692
384,sumbe,-11.2061,13.8437,84.54,69,25,8.28,AO,1706538692
385,kukatpalli,17.4833,78.4167,74.91,53,40,3.44,IN,1706538692
386,ribeira brava,32.65,-17.0667,73.0,75,9,4.41,PT,1706538692
387,mariental,-24.6333,17.9667,81.95,38,99,11.25,NA,1706538693
388,paradip garh,20.3167,86.6167,70.88,60,63,8.97,IN,1706538693
389,xilin hot,43.9667,116.0333,-9.94,100,67,0.87,CN,1706538693
390,lae,-6.7221,146.9847,79.02,86,100,6.31,PG,1706538693
391,la libertad,-2.2333,-80.9,82.06,78,40,6.91,EC,1706538693
392,shingu,33.7333,135.9833,40.44,70,42,5.68,JP,1706538693
393,ciupercenii noi,43.9097,22.9483,37.85,73,100,2.91,RO,1706538694
394,san antonio de pale,-1.4014,5.6325,82.85,77,41,11.45,GQ,1706538694
395,tamanrasset,22.785,5.5228,73.31,8,0,3.44,DZ,1706538694
396,daru,-9.0763,143.2092,80.01,88,31,7.81,PG,1706538694
397,mildura,-34.2,142.15,78.08,43,0,14.16,AU,1706538694
398,mabaruma,8.2,-59.7833,87.03,55,26,7.16,GY,1706538694
399,santa marta,11.2408,-74.199,80.65,78,40,4.61,CO,1706538664
400,santo antonio,-6.3106,-35.4789,94.24,40,48,14.58,BR,1706538695
401,taghazout,30.5426,-9.7112,86.77,32,1,8.55,MA,1706538695
402,swakopmund,-22.6833,14.5333,67.98,84,87,7.0,NA,1706538695
403,oudtshoorn,-33.5907,22.2014,79.16,6,76,24.56,ZA,1706538656
404,arno,60.1167,18.6333,36.79,97,100,7.63,SE,1706538695
405,sungailiat,-1.85,106.1333,79.56,85,100,9.28,ID,1706538695
406,jieshi,22.8134,115.8257,60.73,83,100,12.91,CN,1706538696
407,ocean pointe,22.8134,115.8257,60.73,83,100,12.91,CN,1706538696
408,sampit,-2.5333,112.95,75.76,94,97,1.77,ID,1706538696
409,mishkino,55.3389,63.9175,3.76,98,65,6.53,RU,1706538696
410,parauapebas,-6.0675,-49.9022,82.38,78,75,0.0,BR,1706538669
411,aral,40.5156,81.2636,29.21,42,100,4.25,CN,1706538696
412,kalemie,-5.9475,29.1947,71.42,90,100,6.53,CD,1706538697
413,isla mujeres,21.2311,-86.731,68.16,62,0,15.61,MX,1706538537
414,bocana de paiwas,12.7857,-85.1227,77.81,71,99,15.37,NI,1706538697
415,bengkulu,-3.8004,102.2655,77.49,90,90,4.59,ID,1706538697
416,paita,-5.0892,-81.1144,78.04,75,94,8.59,PE,1706538697
417,fort st. john,56.2499,-120.8529,35.49,75,75,9.22,CA,1706538697
418,skelleftea,64.7507,20.9528,41.0,78,0,13.8,SE,1706538410
419,argo,37.6333,22.7333,47.79,69,48,8.61,GR,1706538698
420,plainview,40.7765,-73.4673,38.01,85,100,11.5,US,1706538698
421,tchibanga,-2.85,11.0333,82.35,83,83,4.5,GA,1706538698
422,padang,-0.9492,100.3543,82.45,86,78,3.38,ID,1706538682
423,rakops,-21.0167,24.3333,82.27,49,100,7.65,BW,1706538698
424,cayambe,0.05,-78.1333,58.26,67,75,3.31,EC,1706538698
425,san rafael del yuma,18.4299,-68.6739,80.8,60,0,6.55,DO,1706538699
426,greenville,35.6127,-77.3663,49.12,72,40,9.22,US,1706538699
427,uglekamensk,43.2172,133.2303,9.01,94,6,3.24,RU,1706538699
428,bamboo flat,11.7,92.7167,80.69,83,20,4.61,IN,1706538699
429,campbell river,50.0163,-125.2446,52.59,100,100,9.22,CA,1706538699
430,yeniseysk,58.4497,92.1703,0.95,77,9,8.99,RU,1706538679
431,zyrya,40.3661,50.2917,39.29,71,100,17.58,AZ,1706538699
432,tanjung selor,40.3661,50.2917,39.29,71,100,17.58,AZ,1706538699
433,sayyan,15.1718,44.3244,63.19,60,96,5.19,YE,1706538700
434,hobyo,5.3505,48.5268,80.19,77,33,15.84,SO,1706538700
435,gaiman,-43.2897,-65.4929,79.92,17,0,9.51,AR,1706538700
436,codrington,-38.2667,141.9667,55.42,88,0,7.49,AU,1706538700
437,mitsamiouli,-11.3847,43.2844,82.56,69,100,7.14,KM,1706538700
438,kalach,50.4258,41.0261,19.74,98,76,2.21,RU,1706538701
439,la sarre,48.8002,-79.1996,17.83,97,99,4.5,CA,1706538559
440,nelson,-41.2833,173.2833,58.28,83,1,5.14,NZ,1706538701
441,arawa,-6.2132,155.5367,77.63,88,100,1.48,PG,1706538701
442,massawa,15.6097,39.45,77.54,68,73,5.99,ER,1706538701
443,auki,-8.7676,160.7034,79.02,86,100,14.12,SB,1706538702
444,saint-tropez,43.2693,6.6398,61.74,60,80,7.07,FR,1706538614
445,evinayong,1.4368,10.5512,87.42,45,68,2.44,GQ,1706538702
446,chiili,1.4368,10.5512,87.42,45,68,2.44,GQ,1706538702
447,prince rupert,54.3161,-130.3201,51.89,76,100,56.39,CA,1706538702
448,quellon,-43.1167,-73.6167,59.77,63,0,8.68,CL,1706538702
449,labrador city,52.9463,-66.9114,-32.89,68,0,0.0,CA,1706538702
450,ofunato,39.0717,141.7167,37.04,81,62,5.82,JP,1706538703
451,yoloten,37.2989,62.3597,43.3,67,100,10.36,TM,1706538703
452,bintulu,3.1667,113.0333,81.01,83,40,0.0,MY,1706538703
453,woolgoolga,-30.1106,153.2007,77.04,87,99,6.85,AU,1706538703
454,murehwa,-17.6432,31.784,76.15,58,45,5.84,ZW,1706538703
455,seoni,22.0833,79.5333,66.72,29,59,4.7,IN,1706538703
456,soio,-6.1349,12.3689,84.51,75,100,10.58,AO,1706538704
457,ivdel',60.6911,60.4206,2.19,99,62,1.99,RU,1706538704
458,pirallahi,40.4723,50.333,39.34,70,100,17.96,AZ,1706538704
459,lulea,65.5842,22.1547,41.07,56,0,10.36,SE,1706538704
460,reggane,26.7158,0.1714,80.31,10,0,16.46,DZ,1706538704
461,howard springs,-12.497,131.047,82.31,91,100,6.58,AU,1706538704
462,beledweyne,4.7358,45.2036,96.08,26,23,13.0,SO,1706538705
463,khandyga,62.6667,135.6,-52.4,100,82,2.19,RU,1706538705
464,mata-utu,-13.2816,-176.1745,84.81,81,100,17.31,WF,1706538705
465,san luis de la loma,17.2706,-100.8939,80.44,52,99,2.01,MX,1706538705
466,beira,-19.8436,34.8389,87.89,62,20,12.66,MZ,1706538705
467,siwa oasis,29.2041,25.5195,61.18,34,95,13.44,EG,1706538705
468,pimentel,-6.8367,-79.9342,80.89,74,40,11.5,PE,1706538706
469,songea,-10.6833,35.65,71.33,91,100,1.43,TZ,1706538706
470,tavda,58.0425,65.2726,-7.2,100,90,2.59,RU,1706538706
471,ouani,-12.1322,44.4258,82.85,69,100,4.81,KM,1706538706
472,zuunmod,47.7069,106.9528,-22.77,100,98,1.66,MN,1706538706
473,boonville,38.9736,-92.7432,36.63,100,0,0.0,US,1706538706
474,moyynkum,44.2914,72.9469,30.65,97,100,5.3,KZ,1706538707
475,minot air force base,48.4209,-101.3391,37.58,79,40,17.27,US,1706538707
476,kuruman,-27.4524,23.4325,91.65,22,59,4.92,ZA,1706538707
477,dakhla,23.6848,-15.958,75.22,43,0,11.5,EH,1706538707
478,mermoz boabab,14.7065,-17.4758,90.16,32,85,13.8,SN,1706538707
479,dabakala,8.3667,-4.4333,99.68,10,15,4.27,CI,1706538707
480,belmonte,-15.8631,-38.8828,83.98,71,100,10.0,BR,1706538708
481,nuku'alofa,-21.1333,-175.2,75.54,94,40,1.14,TO,1706538708
482,taro,-8.3862,115.28,75.2,95,100,0.85,ID,1706538708
483,cabedelo,-6.9811,-34.8339,90.27,67,15,14.65,BR,1706538708
484,chulym,55.0997,80.9572,-2.52,99,84,6.71,RU,1706538708
485,kailua-kona,19.6406,-155.9956,73.36,85,0,12.66,US,1706538708
486,portoferraio,42.8115,10.3146,60.26,71,0,5.75,IT,1706538709
487,kataragama,42.8115,10.3146,60.26,71,0,5.75,IT,1706538709
488,mcpherson,38.3708,-97.6642,33.93,68,4,6.51,US,1706538709
489,coruripe,-10.1256,-36.1756,87.39,57,6,11.16,BR,1706538458
490,suining,30.508,105.5733,47.73,61,9,1.28,CN,1706538709
491,laibin,23.7,109.2667,49.06,95,100,3.06,CN,1706538709
492,santa cruz,-17.8,-63.1667,86.05,62,40,14.97,BO,1706538709
493,arrifes,37.7667,-25.7,62.92,82,75,28.77,PT,1706538710
494,ghat,24.9647,10.1728,66.97,31,14,9.73,LY,1706538710
495,brokopondo,4.75,-55.1667,83.98,66,39,2.39,SR,1706538710
496,lahaina,20.8783,-156.6825,76.8,90,8,15.55,US,1706538710
497,barro,-6.7167,-38.8667,97.41,27,100,7.31,BR,1706538710
498,dickinson,29.4608,-95.0513,51.75,86,0,4.61,US,1706538710
499,okahandja,-21.9833,16.9167,83.53,37,93,6.15,NA,1706538711
500,dok kham tai,19.1624,99.9934,65.93,93,22,4.12,TH,1706538711
501,celestun,20.8667,-90.4,72.0,56,27,14.23,MX,1706538711
502,canillo,42.5833,1.6667,49.84,44,100,5.06,AD,1706538711
503,taft,31.7471,54.2088,48.15,35,0,2.3,IR,1706538711
504,sanchor,24.7553,71.7722,66.78,63,99,6.22,IN,1706538711
505,bodo,67.28,14.405,38.44,83,75,37.98,NO,1706538712
506,i-n-salah,27.1935,2.4607,76.98,13,3,19.51,DZ,1706538712
507,awjilah,29.1081,21.2869,61.12,36,6,14.85,LY,1706538712
508,geraldton,-28.7667,114.6,70.21,78,0,21.85,AU,1706538712
509,ascencion de guarayos,-28.7667,114.6,70.21,78,0,21.85,AU,1706538712
510,whakatane,-37.9585,176.9854,67.51,91,79,3.0,NZ,1706538712
511,gunnison,38.7,-107.0673,21.9,85,100,2.39,US,1706538713
512,pervomaysk,48.0443,30.8507,33.84,69,100,8.25,UA,1706538713
513,sokoni,-6.4333,39.55,82.76,77,96,10.4,TZ,1706538713
514,antofagasta,-23.65,-70.4,72.68,66,20,6.33,CL,1706538421
515,konarka,19.9,86.1167,70.2,61,98,8.3,IN,1706538713
516,dhuusamarreeb,5.535,46.3861,92.41,30,20,10.87,SO,1706538713
517,kot samaba,28.5522,70.4684,65.44,26,100,5.28,PK,1706538714
518,sogndal,61.2283,7.1003,41.38,69,40,8.05,NO,1706538714
519,puerto armuelles,8.2833,-82.8667,87.78,83,94,3.0,PA,1706538714
520,nagqu,31.5,92.0,14.9,85,100,1.7,CN,1706538714
521,kashin,57.3592,37.6081,32.67,92,100,14.12,RU,1706538714
522,maintirano,-18.0667,44.0167,81.75,65,0,7.16,MG,1706538714
523,tabou,4.423,-7.3528,85.37,66,14,10.13,CI,1706538715
524,masterton,-40.9597,175.6575,60.89,92,91,4.14,NZ,1706538715
525,mbandaka,0.0487,18.2603,94.59,28,95,3.2,CD,1706538715
526,hargeysa,9.56,44.065,75.61,52,32,13.87,SO,1706538715
527,lethbridge,49.7,-112.8186,43.29,81,75,10.36,CA,1706538715
528,kulunda,52.566,78.9385,-2.97,98,35,7.4,RU,1706538705
529,mizan teferi,6.9833,35.5833,71.1,67,87,1.9,ET,1706538716
530,marsh harbour,26.5412,-77.0636,67.39,58,0,23.4,BS,1706538716
531,cannonvale,-20.2833,148.7,83.59,90,92,3.94,AU,1706538716
532,ar ruways,24.1103,52.7306,68.36,61,98,8.41,AE,1706538716
533,chernushka,56.5072,56.0766,15.01,96,100,8.48,RU,1706538682
534,port-cartier,50.0334,-66.8654,1.08,75,2,9.22,CA,1706538716
535,tolmezzo,46.4075,13.0175,51.42,57,14,0.54,IT,1706538716
536,el nido,11.1858,119.3956,79.74,73,96,24.47,PH,1706538717
537,moutsamoudou,-12.1667,44.3994,82.2,69,100,4.36,KM,1706538717
538,kyain seikgyi township,-12.1667,44.3994,82.2,69,100,4.36,KM,1706538717
539,bougouni,11.417,-7.479,95.63,7,43,3.69,ML,1706538717
540,harper,4.375,-7.7169,86.23,64,23,10.22,LR,1706538717
541,sechura,-5.5569,-80.8222,80.89,68,92,7.47,PE,1706538718
542,ingeniero jacobacci,-41.3427,-69.5448,74.89,13,0,6.08,AR,1706538718
543,latakia,35.5148,35.7768,53.78,80,100,16.87,SY,1706538718
544,mahibadhoo,3.7833,72.9667,81.39,80,23,18.1,MV,1706538718
545,salalah,17.0151,54.0924,78.89,69,75,6.91,OM,1706538693
546,rosarito,32.3333,-117.0333,62.67,43,51,3.11,MX,1706538718
547,sola,-13.8833,167.55,80.78,77,96,5.93,VU,1706538719
548,winnemucca,40.973,-117.7357,39.25,87,0,10.36,US,1706538719
549,ouallam,14.3188,2.0866,89.94,8,0,14.88,NE,1706538719
550,yolbasi,37.3889,41.3171,34.25,95,100,5.66,TR,1706538719
551,blagodatnoye,45.3997,42.5867,20.32,92,100,6.96,RU,1706538719
552,yagry,45.3997,42.5867,20.32,92,100,6.96,RU,1706538719
553,soe,-9.8607,124.284,67.82,96,100,3.11,ID,1706538720
554,bandar lampung,-5.4254,105.258,76.93,90,100,3.42,ID,1706538720
555,puerto san jose,13.9256,-90.8244,84.87,52,0,3.18,GT,1706538720
556,fontanelas,38.8472,-9.4372,66.16,84,40,10.36,PT,1706538720
557,rikaze,29.25,88.8833,31.06,15,33,5.88,CN,1706538720
558,prineville,44.2999,-120.8345,50.11,78,0,10.36,US,1706538721
559,lazaro cardenas,17.9583,-102.2,77.72,70,100,2.66,MX,1706538721
560,mundri,-6.9558,111.71,76.05,96,100,5.21,ID,1706538721
561,egersund,58.4513,5.9997,45.09,81,94,7.43,NO,1706538502
562,gornopravdinsk,60.05,69.9,-6.7,100,92,1.48,RU,1706538722
563,muswellbrook,-32.2667,150.9,70.88,92,4,4.29,AU,1706538722
564,kurchatov,51.6601,35.6521,25.21,98,24,3.31,RU,1706538722
565,poronaysk,49.2167,143.1167,19.62,96,100,7.85,RU,1706538722
566,bovril,-31.3431,-59.4451,87.91,31,15,4.68,AR,1706538722
567,paty do alferes,-22.4286,-43.4186,82.29,60,57,0.98,BR,1706538723
568,magong,23.5654,119.5863,62.89,88,100,19.57,TW,1706538723
569,murashi,59.3999,48.9615,20.14,96,100,7.92,RU,1706538723
570,le vauclin,14.5452,-60.8388,80.65,74,0,11.5,MQ,1706538723
571,vila franca do campo,37.7167,-25.4333,64.89,99,100,27.58,PT,1706538723
572,timimoun,29.2639,0.231,75.58,15,0,17.27,DZ,1706538723
573,kapa'a,22.0752,-159.319,73.72,86,100,13.8,US,1706538724
574,antsirabe afovoany,22.0752,-159.319,73.72,86,100,13.8,US,1706538724
575,okha,53.5739,142.9478,1.76,94,94,4.38,RU,1706538427
576,twon-brass,4.3151,6.2418,83.25,65,25,11.81,NG,1706538724
577,atar,20.5169,-13.0499,84.22,7,0,15.75,MR,1706538724
578,bel ombre,-4.6167,55.4167,87.64,70,40,11.5,SC,1706538725
579,villa emilio carranza,19.9667,-96.6,67.01,73,95,7.92,MX,1706538725
580,kollo,13.3043,2.339,90.03,9,2,13.27,NE,1706538725
581,tampakan,6.4442,124.9264,76.06,94,100,1.36,PH,1706538725
582,pamandzi,-12.7967,45.2794,87.58,66,20,9.22,YT,1706538725
583,igrim,63.1906,64.4162,0.37,98,67,4.72,RU,1706538725
584,buckie,57.6757,-2.9624,42.51,76,100,3.83,GB,1706538726
585,lorengau,-2.0226,147.2712,81.57,80,100,7.14,PG,1706538726
586,ulladulla,-35.35,150.4667,69.76,96,42,8.05,AU,1706538726
587,tortoli,39.9256,9.6572,60.62,63,20,4.61,IT,1706538453
588,forbes,-33.3833,148.0167,75.92,34,0,6.53,AU,1706538726
589,gueltat zemmour,-33.3833,148.0167,75.92,34,0,6.53,AU,1706538726
590,zaragoza,41.6561,-0.8773,57.49,77,100,6.91,ES,1706538726
591,kasungu,-13.0333,33.4833,76.1,72,97,3.47,MW,1706538727
592,kununurra,-15.7667,128.7333,82.38,78,69,1.14,AU,1706538727
593,ketchikan,55.3422,-131.6461,52.27,76,100,28.77,US,1706538727
594,portland,45.5234,-122.6762,54.21,91,75,8.01,US,1706538551
595,puerto leguizamo,-0.1934,-74.7819,89.73,46,51,4.54,CO,1706538727
596,jose pedro varela,-33.45,-54.5333,80.17,50,70,8.25,UY,1706538727
597,dryden,49.7833,-92.7503,25.09,100,100,8.05,CA,1706538727
